model_name,r2_test,cv_mean,cv_std,train_test_gap
RandomForest_V2,0.9690358824826155,0.912164789836584,0.021558952918645097,0.025908892643159986
