model_name,r2_train,r2_test,train_test_gap,ablated_r2,ablation_delta
RandomForest_V3,0.9955021691905376,0.9280689585758749,0.06743321061466268,0.9008162545974855,0.027252703978389414
